{
	"timeout":25,
	"mappings": 
		{
			"RPC":
				{
					"description":"RPC %s Port %d",
					"port": 3002,
					"protocols":
						[
							"tcp",
							"udp"
						]
				},
			"DHT":
				{
					"description":"DHT %s Port %d",
					"port": 3003,
					"protocols":
						[	
							"tcp",
							"udp"
						]
				}
		},
	"maxtasks": 50,
	"dhtseed": "108.56.251.125:2009",
	"peerseed": "108.56.251.125:2008", //comment test
	"maxtasks": 5,
	"compute" : true,
	"externalip": "108.31.152.169"
}
